{"cameraMode":{"drawMode":0,"name":"Shaded","section":"Shading Mode"},"sceneLighting":true,"audioPlay":false,"sceneViewState":{"showFog":false,"showMaterialUpdate":false,"showSkybox":true,"showFlares":true,"showImageEffects":true,"showParticleSystems":true},"in2DMode":false,"pivot":{"x":1800.72705078125,"y":-2588.821533203125,"z":-2521.665771484375},"rotation":{"x":0.1144552156329155,"y":0.8584993481636047,"z":-0.4495645761489868,"w":0.21856802701950074},"size":3729.541015625,"orthographic":false}