{"cameraMode":{"drawMode":0,"name":"Shaded","section":"Shading Mode"},"sceneLighting":false,"audioPlay":false,"sceneViewState":{"showFog":false,"showMaterialUpdate":false,"showSkybox":true,"showFlares":true,"showImageEffects":true,"showParticleSystems":true},"in2DMode":false,"pivot":{"x":-0.3401122987270355,"y":5.8754096031188969,"z":0.4919945299625397},"rotation":{"x":0.24323390424251557,"y":0.33103886246681216,"z":-0.08873675763607025,"w":0.9074050784111023},"size":38.65181350708008,"orthographic":false}