{"cameraMode":{"drawMode":0,"name":"Shaded","section":"Shading Mode"},"sceneLighting":true,"audioPlay":false,"sceneViewState":{"showFog":false,"showMaterialUpdate":false,"showSkybox":true,"showFlares":true,"showImageEffects":true,"showParticleSystems":true},"in2DMode":false,"pivot":{"x":3405.79443359375,"y":-1002.3739013671875,"z":4796.7080078125},"rotation":{"x":0.34086281061172488,"y":0.07182080298662186,"z":-0.026126982644200326,"w":0.9370017647743225},"size":5291.50537109375,"orthographic":false}