{"cameraMode":{"drawMode":0,"name":"Shaded","section":"Shading Mode"},"sceneLighting":false,"audioPlay":false,"sceneViewState":{"showFog":false,"showMaterialUpdate":false,"showSkybox":true,"showFlares":true,"showImageEffects":true,"showParticleSystems":true},"in2DMode":false,"pivot":{"x":206.57147216796876,"y":144.2450408935547,"z":-149.09788513183595},"rotation":{"x":0.548884928226471,"y":0.15652279555797578,"z":-0.10550453513860703,"w":0.8143064379692078},"size":22.0,"orthographic":false}