{"cameraMode":{"drawMode":0,"name":"Shaded","section":"Shading Mode"},"sceneLighting":true,"audioPlay":false,"sceneViewState":{"showFog":false,"showMaterialUpdate":false,"showSkybox":true,"showFlares":true,"showImageEffects":true,"showParticleSystems":true},"in2DMode":false,"pivot":{"x":4724.8525390625,"y":-89.47212219238281,"z":5076.17236328125},"rotation":{"x":0.3444720208644867,"y":0.12341500073671341,"z":-0.045736223459243777,"w":0.929524838924408},"size":902.2688598632813,"orthographic":false}