{"cameraMode":{"drawMode":0,"name":"Shaded","section":"Shading Mode"},"sceneLighting":false,"audioPlay":false,"sceneViewState":{"showFog":false,"showMaterialUpdate":false,"showSkybox":true,"showFlares":true,"showImageEffects":true,"showParticleSystems":true},"in2DMode":false,"pivot":{"x":0.4213104248046875,"y":48.48999786376953,"z":0.32019805908203127},"rotation":{"x":0.25974151492118838,"y":0.4293361008167267,"z":-0.13041335344314576,"w":0.8551047444343567},"size":200.04478454589845,"orthographic":false}