{"cameraMode":{"drawMode":0,"name":"Shaded","section":"Shading Mode"},"sceneLighting":false,"audioPlay":false,"sceneViewState":{"showFog":false,"showMaterialUpdate":false,"showSkybox":true,"showFlares":true,"showImageEffects":true,"showParticleSystems":true},"in2DMode":false,"pivot":{"x":31.167699813842775,"y":31.762285232543947,"z":37.58356475830078},"rotation":{"x":0.24323390424251557,"y":0.33103886246681216,"z":-0.08873675763607025,"w":0.9074050784111023},"size":133.39453125,"orthographic":false}