{"cameraMode":{"drawMode":0,"name":"Shaded","section":"Shading Mode"},"sceneLighting":false,"audioPlay":false,"sceneViewState":{"showFog":false,"showMaterialUpdate":false,"showSkybox":true,"showFlares":true,"showImageEffects":true,"showParticleSystems":true},"in2DMode":false,"pivot":{"x":39.74580764770508,"y":33.34111785888672,"z":32.90858840942383},"rotation":{"x":0.17994140088558198,"y":0.35692256689071658,"z":-0.07027231156826019,"w":0.9139457941055298},"size":132.47991943359376,"orthographic":false}