{"cameraMode":{"drawMode":0,"name":"Shaded","section":"Shading Mode"},"sceneLighting":true,"audioPlay":false,"sceneViewState":{"showFog":false,"showMaterialUpdate":false,"showSkybox":true,"showFlares":true,"showImageEffects":true,"showParticleSystems":true},"in2DMode":false,"pivot":{"x":3562.43994140625,"y":-5988.9501953125,"z":-1329.2720947265625},"rotation":{"x":-0.01170994620770216,"y":-0.9185803532600403,"z":0.39411967992782595,"w":-0.027293847873806955},"size":11713.1083984375,"orthographic":false}