{"cameraMode":{"drawMode":0,"name":"Shaded","section":"Shading Mode"},"sceneLighting":false,"audioPlay":false,"sceneViewState":{"showFog":false,"showMaterialUpdate":false,"showSkybox":false,"showFlares":false,"showImageEffects":false,"showParticleSystems":true},"in2DMode":false,"pivot":{"x":743.0032958984375,"y":43.109779357910159,"z":807.5999755859375},"rotation":{"x":0.03175884112715721,"y":0.47023117542266848,"z":-0.016935639083385469,"w":0.8818089962005615},"size":2.8578836917877199,"orthographic":true}